{"env/n_steps": 100, "env/completion_counter": 0, "env/current_idx": 64, "time/iterations": 1, "rollout/ep_rew_mean": -0.16395392063492065, "rollout/ep_len_mean": 1.5873015873015872, "time/fps": 0, "time/time_elapsed": 147, "time/total_timesteps": 100, "rollout/success_rate": 0.9682539682539683}
{"train/learning_rate": 0.001, "train/entropy_loss": -1.9378969192504882, "train/policy_gradient_loss": -0.03484370104223489, "train/value_loss": 0.19724905900657178, "train/approx_kl": 0.023610848933458328, "train/clip_fraction": 0.12699999883770943, "train/loss": -0.02714647725224495, "train/explained_variance": 0.23272639513015747, "train/n_updates": 10, "train/clip_range": 0.2, "env/n_steps": 200, "env/completion_counter": 0, "env/current_idx": 139, "time/iterations": 2, "rollout/ep_rew_mean": -0.07429654000000001, "rollout/ep_len_mean": 1.32, "time/fps": 0, "time/time_elapsed": 283, "time/total_timesteps": 200, "rollout/success_rate": 1.0}
{"train/learning_rate": 0.001, "train/entropy_loss": -1.9103177785873413, "train/policy_gradient_loss": -0.02857632958889007, "train/value_loss": 0.064525025524199, "train/approx_kl": 0.013059944845736027, "train/clip_fraction": 0.11599999666213989, "train/loss": -0.03815189003944397, "train/explained_variance": -0.36803150177001953, "train/n_updates": 20, "train/clip_range": 0.2, "env/n_steps": 300, "env/completion_counter": 0, "env/current_idx": 207, "time/iterations": 3, "rollout/ep_rew_mean": -0.13038641, "rollout/ep_len_mean": 1.42, "time/fps": 0, "time/time_elapsed": 417, "time/total_timesteps": 300, "rollout/success_rate": 0.98}
{"train/learning_rate": 0.001, "train/entropy_loss": -1.9104246139526366, "train/policy_gradient_loss": -0.024837358547840437, "train/value_loss": 0.15739613249897957, "train/approx_kl": 0.020325040444731712, "train/clip_fraction": 0.10899999514222145, "train/loss": -0.01665269210934639, "train/explained_variance": 0.25521689653396606, "train/n_updates": 30, "train/clip_range": 0.2, "env/n_steps": 400, "env/completion_counter": 0, "env/current_idx": 278, "time/iterations": 4, "rollout/ep_rew_mean": -0.10245926000000002, "rollout/ep_len_mean": 1.38, "time/fps": 0, "time/time_elapsed": 547, "time/total_timesteps": 400, "rollout/success_rate": 0.99}
{"train/learning_rate": 0.001, "train/entropy_loss": -1.885788118839264, "train/policy_gradient_loss": -0.04057266728766269, "train/value_loss": 0.2228906124830246, "train/approx_kl": 0.026201102882623672, "train/clip_fraction": 0.17299999557435514, "train/loss": -0.021216556429862976, "train/explained_variance": -1.0633511543273926, "train/n_updates": 40, "train/clip_range": 0.2, "env/n_steps": 500, "env/completion_counter": 0, "env/current_idx": 347, "time/iterations": 5, "rollout/ep_rew_mean": -0.11920080000000001, "rollout/ep_len_mean": 1.38, "time/fps": 0, "time/time_elapsed": 675, "time/total_timesteps": 500, "rollout/success_rate": 0.99}
{"train/learning_rate": 0.001, "train/entropy_loss": -1.8082783460617065, "train/policy_gradient_loss": -0.02036260738410056, "train/value_loss": 0.24077213704586028, "train/approx_kl": 0.014160070568323135, "train/clip_fraction": 0.10699999555945397, "train/loss": -0.0010501742362976074, "train/explained_variance": -0.397821307182312, "train/n_updates": 50, "train/clip_range": 0.2, "env/n_steps": 600, "env/completion_counter": 0, "env/current_idx": 416, "time/iterations": 6, "rollout/ep_rew_mean": -0.14386380000000001, "rollout/ep_len_mean": 1.54, "time/fps": 0, "time/time_elapsed": 810, "time/total_timesteps": 600, "rollout/success_rate": 0.98}
{"train/learning_rate": 0.001, "train/entropy_loss": -1.7501271963119507, "train/policy_gradient_loss": -0.03225425957515835, "train/value_loss": 0.09921148419380188, "train/approx_kl": 0.04448843002319336, "train/clip_fraction": 0.26299999207258223, "train/loss": -0.021008117124438286, "train/explained_variance": 0.4512261152267456, "train/n_updates": 60, "train/clip_range": 0.2, "env/n_steps": 700, "env/completion_counter": 0, "env/current_idx": 487, "time/iterations": 7, "rollout/ep_rew_mean": -0.10729983000000004, "rollout/ep_len_mean": 1.41, "time/fps": 0, "time/time_elapsed": 934, "time/total_timesteps": 700, "rollout/success_rate": 0.99}
{"train/learning_rate": 0.001, "train/entropy_loss": -1.6447844505310059, "train/policy_gradient_loss": -0.017341866695322138, "train/value_loss": 0.21287962347269057, "train/approx_kl": 0.023283125832676888, "train/clip_fraction": 0.1549999937415123, "train/loss": 0.035095687955617905, "train/explained_variance": 0.3019024133682251, "train/n_updates": 70, "train/clip_range": 0.2, "env/n_steps": 800, "env/completion_counter": 0, "env/current_idx": 556, "time/iterations": 8, "rollout/ep_rew_mean": -0.07403815000000001, "rollout/ep_len_mean": 1.33, "time/fps": 0, "time/time_elapsed": 1068, "time/total_timesteps": 800, "rollout/success_rate": 1.0}
{"train/learning_rate": 0.001, "train/entropy_loss": -1.590182888507843, "train/policy_gradient_loss": -0.04051726678386345, "train/value_loss": 0.0981427051126957, "train/approx_kl": 0.04133497178554535, "train/clip_fraction": 0.4129999838769436, "train/loss": -0.027969997376203537, "train/explained_variance": -1.243215560913086, "train/n_updates": 80, "train/clip_range": 0.2, "env/n_steps": 900, "env/completion_counter": 0, "env/current_idx": 636, "time/iterations": 9, "rollout/ep_rew_mean": -0.08394550999999999, "rollout/ep_len_mean": 1.29, "time/fps": 0, "time/time_elapsed": 1202, "time/total_timesteps": 900, "rollout/success_rate": 0.99}
