{"env/n_steps": 30, "env/completion_counter": 0, "env/current_idx": 11, "time/iterations": 1, "rollout/ep_rew_mean": -0.45589050000000003, "rollout/ep_len_mean": 2.3, "time/fps": 0, "time/time_elapsed": 46, "time/total_timesteps": 30, "rollout/success_rate": 0.0}
{"train/learning_rate": 0.001, "train/entropy_loss": -1.939023733139038, "train/policy_gradient_loss": -0.050504224660496, "train/value_loss": 0.14193220473825932, "train/approx_kl": 0.016178134828805923, "train/clip_fraction": 0.10000000335276127, "train/loss": -0.08411356061697006, "train/explained_variance": 0.06621736288070679, "train/n_updates": 10, "train/clip_range": 0.2, "env/n_steps": 60, "env/completion_counter": 0, "env/current_idx": 18, "time/iterations": 2, "rollout/ep_rew_mean": -0.9777598823529412, "rollout/ep_len_mean": 3.4705882352941178, "time/fps": 0, "time/time_elapsed": 83, "time/total_timesteps": 60, "rollout/success_rate": 0.0}
{"train/learning_rate": 0.001, "train/entropy_loss": -1.930322778224945, "train/policy_gradient_loss": -0.021639630086719562, "train/value_loss": 0.832794776558876, "train/approx_kl": 0.010194055736064911, "train/clip_fraction": 0.04666666947305202, "train/loss": 0.08304576575756073, "train/explained_variance": -0.039032936096191406, "train/n_updates": 20, "train/clip_range": 0.2, "env/n_steps": 90, "env/completion_counter": 0, "env/current_idx": 29, "time/iterations": 3, "rollout/ep_rew_mean": -0.9611479285714285, "rollout/ep_len_mean": 3.2142857142857144, "time/fps": 0, "time/time_elapsed": 121, "time/total_timesteps": 90, "rollout/success_rate": 0.0}
