{"env/n_steps": 30, "env/completion_counter": 0, "env/current_idx": 12, "time/iterations": 1, "rollout/ep_rew_mean": -0.552745909090909, "rollout/ep_len_mean": 2.727272727272727, "time/fps": 0, "time/time_elapsed": 43, "time/total_timesteps": 30, "rollout/success_rate": 0.0}
{"train/learning_rate": 0.001, "train/entropy_loss": -1.9401530265808105, "train/policy_gradient_loss": -0.04447698581963948, "train/value_loss": 0.14891605339944364, "train/approx_kl": 0.017932867631316185, "train/clip_fraction": 0.12000000365078449, "train/loss": -0.07337168604135513, "train/explained_variance": 0.17271339893341064, "train/n_updates": 10, "train/clip_range": 0.2, "env/n_steps": 60, "env/completion_counter": 0, "env/current_idx": 19, "time/iterations": 2, "rollout/ep_rew_mean": -0.7795948333333335, "rollout/ep_len_mean": 3.3333333333333335, "time/fps": 0, "time/time_elapsed": 78, "time/total_timesteps": 60, "rollout/success_rate": 0.0}
{"train/learning_rate": 0.001, "train/entropy_loss": -1.9317942023277284, "train/policy_gradient_loss": -0.025565061477633932, "train/value_loss": 0.5376159161329269, "train/approx_kl": 0.006450460758060217, "train/clip_fraction": 0.02333333492279053, "train/loss": 0.006201758980751038, "train/explained_variance": -0.04551804065704346, "train/n_updates": 20, "train/clip_range": 0.2, "env/n_steps": 90, "env/completion_counter": 0, "env/current_idx": 34, "time/iterations": 3, "rollout/ep_rew_mean": -0.6057352121212122, "rollout/ep_len_mean": 2.727272727272727, "time/fps": 0, "time/time_elapsed": 115, "time/total_timesteps": 90, "rollout/success_rate": 0.0}
{"train/learning_rate": 0.001, "train/entropy_loss": -1.9304798364639282, "train/policy_gradient_loss": -0.05469139392798113, "train/value_loss": 0.11549782156944274, "train/approx_kl": 0.017094343900680542, "train/clip_fraction": 0.16000000685453414, "train/loss": -0.07520459592342377, "train/explained_variance": -1.4900357723236084, "train/n_updates": 30, "train/clip_range": 0.2, "env/n_steps": 120, "env/completion_counter": 0, "env/current_idx": 48, "time/iterations": 4, "rollout/ep_rew_mean": -0.5421632127659575, "rollout/ep_len_mean": 2.5531914893617023, "time/fps": 0, "time/time_elapsed": 150, "time/total_timesteps": 120, "rollout/success_rate": 0.0}
{"train/learning_rate": 0.001, "train/entropy_loss": -1.8944252371788024, "train/policy_gradient_loss": -0.05426183887136471, "train/value_loss": 0.03859488144516945, "train/approx_kl": 0.01841142028570175, "train/clip_fraction": 0.24000001326203346, "train/loss": -0.11233983933925629, "train/explained_variance": -0.600843071937561, "train/n_updates": 40, "train/clip_range": 0.2, "env/n_steps": 150, "env/completion_counter": 0, "env/current_idx": 63, "time/iterations": 5, "rollout/ep_rew_mean": -0.508176258064516, "rollout/ep_len_mean": 2.4193548387096775, "time/fps": 0, "time/time_elapsed": 186, "time/total_timesteps": 150, "rollout/success_rate": 0.0}
