{"env/n_steps": 30, "env/completion_counter": 0, "env/current_idx": 19, "time/iterations": 1, "rollout/ep_rew_mean": -0.17197305555555553, "rollout/ep_len_mean": 1.6666666666666667, "time/fps": 0, "time/time_elapsed": 38, "time/total_timesteps": 30, "rollout/success_rate": 0.7777777777777778}
{"train/learning_rate": 0.001, "train/entropy_loss": -1.930130422115326, "train/policy_gradient_loss": -0.06903141157080768, "train/value_loss": 0.16679440215229988, "train/approx_kl": 0.0361456423997879, "train/clip_fraction": 0.34666669368743896, "train/loss": -0.08530376106500626, "train/explained_variance": 0.046440720558166504, "train/n_updates": 10, "train/clip_range": 0.2, "env/n_steps": 60, "env/completion_counter": 0, "env/current_idx": 40, "time/iterations": 2, "rollout/ep_rew_mean": -0.1341235641025641, "rollout/ep_len_mean": 1.5128205128205128, "time/fps": 0, "time/time_elapsed": 75, "time/total_timesteps": 60, "rollout/success_rate": 0.8717948717948718}
{"train/learning_rate": 0.001, "train/entropy_loss": -1.930018949508667, "train/policy_gradient_loss": -0.04664976965636036, "train/value_loss": 0.16925152838230134, "train/approx_kl": 0.019659684970974922, "train/clip_fraction": 0.1366666726768017, "train/loss": -0.07743582874536514, "train/explained_variance": -2.0798168182373047, "train/n_updates": 20, "train/clip_range": 0.2, "env/n_steps": 90, "env/completion_counter": 0, "env/current_idx": 51, "time/iterations": 3, "rollout/ep_rew_mean": -0.17608671999999997, "rollout/ep_len_mean": 1.8, "time/fps": 0, "time/time_elapsed": 115, "time/total_timesteps": 90, "rollout/success_rate": 0.8}
{"train/learning_rate": 0.001, "train/entropy_loss": -1.897951877117157, "train/policy_gradient_loss": -0.04928373156425851, "train/value_loss": 0.10214016512036324, "train/approx_kl": 0.02488097921013832, "train/clip_fraction": 0.20666667968034744, "train/loss": -0.05532602593302727, "train/explained_variance": -0.370790958404541, "train/n_updates": 30, "train/clip_range": 0.2, "env/n_steps": 120, "env/completion_counter": 0, "env/current_idx": 68, "time/iterations": 4, "rollout/ep_rew_mean": -0.16366616417910446, "rollout/ep_len_mean": 1.791044776119403, "time/fps": 0, "time/time_elapsed": 154, "time/total_timesteps": 120, "rollout/success_rate": 0.7910447761194029}
{"train/learning_rate": 0.001, "train/entropy_loss": -1.908651554584503, "train/policy_gradient_loss": -0.04114389453704152, "train/value_loss": 0.08803700953722, "train/approx_kl": 0.022028649225831032, "train/clip_fraction": 0.23333334363996983, "train/loss": -0.0552695170044899, "train/explained_variance": -0.7921128273010254, "train/n_updates": 40, "train/clip_range": 0.2, "env/n_steps": 150, "env/completion_counter": 0, "env/current_idx": 87, "time/iterations": 5, "rollout/ep_rew_mean": -0.15929993023255812, "rollout/ep_len_mean": 1.744186046511628, "time/fps": 0, "time/time_elapsed": 190, "time/total_timesteps": 150, "rollout/success_rate": 0.7906976744186046}
{"train/learning_rate": 0.001, "train/entropy_loss": -1.9206737756729126, "train/policy_gradient_loss": -0.04952933032531313, "train/value_loss": 0.048349141143262386, "train/approx_kl": 0.03163165599107742, "train/clip_fraction": 0.25333334133028984, "train/loss": -0.07750306278467178, "train/explained_variance": 0.07907521724700928, "train/n_updates": 50, "train/clip_range": 0.2, "env/n_steps": 180, "env/completion_counter": 0, "env/current_idx": 104, "time/iterations": 6, "rollout/ep_rew_mean": -0.16592734, "rollout/ep_len_mean": 1.76, "time/fps": 0, "time/time_elapsed": 227, "time/total_timesteps": 180, "rollout/success_rate": 0.79}
{"train/learning_rate": 0.001, "train/entropy_loss": -1.911644196510315, "train/policy_gradient_loss": -0.038277588489776096, "train/value_loss": 0.21048442125320435, "train/approx_kl": 0.021211110055446625, "train/clip_fraction": 0.17333334423601626, "train/loss": -0.023089699447155, "train/explained_variance": 0.261233925819397, "train/n_updates": 60, "train/clip_range": 0.2, "env/n_steps": 210, "env/completion_counter": 0, "env/current_idx": 124, "time/iterations": 7, "rollout/ep_rew_mean": -0.16055961, "rollout/ep_len_mean": 1.75, "time/fps": 0, "time/time_elapsed": 264, "time/total_timesteps": 210, "rollout/success_rate": 0.77}
{"train/learning_rate": 0.001, "train/entropy_loss": -1.9027896881103517, "train/policy_gradient_loss": -0.049171887145688056, "train/value_loss": 0.1314709022641182, "train/approx_kl": 0.027775021269917488, "train/clip_fraction": 0.19333334378898143, "train/loss": -0.045457787811756134, "train/explained_variance": -0.7501463890075684, "train/n_updates": 70, "train/clip_range": 0.2, "env/n_steps": 240, "env/completion_counter": 0, "env/current_idx": 151, "time/iterations": 8, "rollout/ep_rew_mean": -0.11492559999999997, "rollout/ep_len_mean": 1.5, "time/fps": 0, "time/time_elapsed": 303, "time/total_timesteps": 240, "rollout/success_rate": 0.81}
{"train/learning_rate": 0.001, "train/entropy_loss": -1.8820644855499267, "train/policy_gradient_loss": -0.036092371363967854, "train/value_loss": 0.02470775516703725, "train/approx_kl": 0.025827111676335335, "train/clip_fraction": 0.23000001162290573, "train/loss": -0.06414526700973511, "train/explained_variance": -2.1364245414733887, "train/n_updates": 80, "train/clip_range": 0.2, "env/n_steps": 270, "env/completion_counter": 0, "env/current_idx": 178, "time/iterations": 9, "rollout/ep_rew_mean": -0.08308252, "rollout/ep_len_mean": 1.31, "time/fps": 0, "time/time_elapsed": 342, "time/total_timesteps": 270, "rollout/success_rate": 0.85}
{"train/learning_rate": 0.001, "train/entropy_loss": -1.8892592191696167, "train/policy_gradient_loss": -0.05551712542772336, "train/value_loss": 0.01050516557879746, "train/approx_kl": 0.03682377561926842, "train/clip_fraction": 0.21333334483206273, "train/loss": -0.08764025568962097, "train/explained_variance": -4.597132205963135, "train/n_updates": 90, "train/clip_range": 0.2, "env/n_steps": 300, "env/completion_counter": 0, "env/current_idx": 199, "time/iterations": 10, "rollout/ep_rew_mean": -0.10472638, "rollout/ep_len_mean": 1.37, "time/fps": 0, "time/time_elapsed": 379, "time/total_timesteps": 300, "rollout/success_rate": 0.86}
{"train/learning_rate": 0.001, "train/entropy_loss": -1.8601009607315064, "train/policy_gradient_loss": -0.04340194607153549, "train/value_loss": 0.48326336145401, "train/approx_kl": 0.021014077588915825, "train/clip_fraction": 0.12333333939313888, "train/loss": 0.06041119247674942, "train/explained_variance": -0.01588571071624756, "train/n_updates": 100, "train/clip_range": 0.2, "env/n_steps": 330, "env/completion_counter": 0, "env/current_idx": 220, "time/iterations": 11, "rollout/ep_rew_mean": -0.08976482000000002, "rollout/ep_len_mean": 1.26, "time/fps": 0, "time/time_elapsed": 418, "time/total_timesteps": 330, "rollout/success_rate": 0.9}
{"train/learning_rate": 0.001, "train/entropy_loss": -1.8601349234580993, "train/policy_gradient_loss": -0.05814862229240454, "train/value_loss": 0.3337904825806618, "train/approx_kl": 0.03381003811955452, "train/clip_fraction": 0.21666667908430098, "train/loss": -0.02564980834722519, "train/explained_variance": -0.02736508846282959, "train/n_updates": 110, "train/clip_range": 0.2, "env/n_steps": 360, "env/completion_counter": 0, "env/current_idx": 243, "time/iterations": 12, "rollout/ep_rew_mean": -0.10633675000000001, "rollout/ep_len_mean": 1.3, "time/fps": 0, "time/time_elapsed": 456, "time/total_timesteps": 360, "rollout/success_rate": 0.88}
{"train/learning_rate": 0.001, "train/entropy_loss": -1.7483259439468384, "train/policy_gradient_loss": -0.04325966145222395, "train/value_loss": 0.04910683874040842, "train/approx_kl": 0.021540138870477676, "train/clip_fraction": 0.2566666767001152, "train/loss": -0.07201636582612991, "train/explained_variance": 0.02101290225982666, "train/n_updates": 120, "train/clip_range": 0.2, "env/n_steps": 390, "env/completion_counter": 0, "env/current_idx": 269, "time/iterations": 13,