{"env/n_steps": 100, "env/completion_counter": 0, "env/current_idx": 53, "time/iterations": 1, "rollout/ep_rew_mean": -0.2509990384615385, "rollout/ep_len_mean": 1.9230769230769231, "time/fps": 0, "time/time_elapsed": 128, "time/total_timesteps": 100, "rollout/success_rate": 0.9615384615384616}
{"train/learning_rate": 0.001, "train/entropy_loss": -1.9379320979118346, "train/policy_gradient_loss": -0.031365010043606166, "train/value_loss": 0.3408474147319794, "train/approx_kl": 0.017993774265050888, "train/clip_fraction": 0.17000000029802323, "train/loss": 0.07121840119361877, "train/explained_variance": 0.0020483732223510742, "train/n_updates": 10, "train/clip_range": 0.2, "env/n_steps": 200, "env/completion_counter": 0, "env/current_idx": 122, "time/iterations": 2, "rollout/ep_rew_mean": -0.1372401, "rollout/ep_len_mean": 1.52, "time/fps": 0, "time/time_elapsed": 255, "time/total_timesteps": 200, "rollout/success_rate": 0.98}
{"train/learning_rate": 0.001, "train/entropy_loss": -1.9344924092292786, "train/policy_gradient_loss": -0.023772831764071967, "train/value_loss": 0.23098055869340897, "train/approx_kl": 0.011392471380531788, "train/clip_fraction": 0.034999999590218066, "train/loss": -0.006012264639139175, "train/explained_variance": -0.3089066743850708, "train/n_updates": 20, "train/clip_range": 0.2, "env/n_steps": 300, "env/completion_counter": 0, "env/current_idx": 182, "time/iterations": 3, "rollout/ep_rew_mean": -0.16646542999999994, "rollout/ep_len_mean": 1.68, "time/fps": 0, "time/time_elapsed": 388, "time/total_timesteps": 300, "rollout/success_rate": 0.99}
{"train/learning_rate": 0.001, "train/entropy_loss": -1.905452597141266, "train/policy_gradient_loss": -0.03479298820905381, "train/value_loss": 0.08064371459186077, "train/approx_kl": 0.01843063347041607, "train/clip_fraction": 0.16399999298155307, "train/loss": -0.03579465299844742, "train/explained_variance": -0.21017348766326904, "train/n_updates": 30, "train/clip_range": 0.2, "env/n_steps": 400, "env/completion_counter": 0, "env/current_idx": 248, "time/iterations": 4, "rollout/ep_rew_mean": -0.15161316, "rollout/ep_len_mean": 1.63, "time/fps": 0, "time/time_elapsed": 516, "time/total_timesteps": 400, "rollout/success_rate": 0.98}
{"train/learning_rate": 0.001, "train/entropy_loss": -1.91737859249115, "train/policy_gradient_loss": -0.01475550048146399, "train/value_loss": 0.2521680802106857, "train/approx_kl": 0.008864262141287327, "train/clip_fraction": 0.026999999210238455, "train/loss": 0.0239085890352726, "train/explained_variance": -0.09727191925048828, "train/n_updates": 40, "train/clip_range": 0.2, "env/n_steps": 500, "env/completion_counter": 0, "env/current_idx": 292, "time/iterations": 5, "rollout/ep_rew_mean": -0.24257424999999994, "rollout/ep_len_mean": 1.9, "time/fps": 0, "time/time_elapsed": 645, "time/total_timesteps": 500, "rollout/success_rate": 0.93}
{"train/learning_rate": 0.001, "train/entropy_loss": -1.9085558295249938, "train/policy_gradient_loss": -0.005402708280831803, "train/value_loss": 0.5113500922918319, "train/approx_kl": 0.007689096964895725, "train/clip_fraction": 0.053999999351799485, "train/loss": 0.16264963150024414, "train/explained_variance": 0.12391865253448486, "train/n_updates": 50, "train/clip_range": 0.2, "env/n_steps": 600, "env/completion_counter": 0, "env/current_idx": 368, "time/iterations": 6, "rollout/ep_rew_mean": -0.14375124, "rollout/ep_len_mean": 1.48, "time/fps": 0, "time/time_elapsed": 782, "time/total_timesteps": 600, "rollout/success_rate": 0.97}
{"train/learning_rate": 0.001, "train/entropy_loss": -1.9184210419654846, "train/policy_gradient_loss": -0.017638831307995418, "train/value_loss": 0.16932766661047935, "train/approx_kl": 0.016576070338487625, "train/clip_fraction": 0.09999999795109034, "train/loss": 0.006535537540912628, "train/explained_variance": 0.460396945476532, "train/n_updates": 60, "train/clip_range": 0.2, "env/n_steps": 700, "env/completion_counter": 0, "env/current_idx": 434, "time/iterations": 7, "rollout/ep_rew_mean": -0.12152808, "rollout/ep_len_mean": 1.47, "time/fps": 0, "time/time_elapsed": 908, "time/total_timesteps": 700, "rollout/success_rate": 0.99}
{"train/learning_rate": 0.001, "train/entropy_loss": -1.872792160511017, "train/policy_gradient_loss": -0.04306703193485735, "train/value_loss": 0.08497229591012001, "train/approx_kl": 0.04400026798248291, "train/clip_fraction": 0.24999999403953552, "train/loss": -0.03275233879685402, "train/explained_variance": -0.16344690322875977, "train/n_updates": 70, "train/clip_range": 0.2, "env/n_steps": 800, "env/completion_counter": 0, "env/current_idx": 488, "time/iterations": 8, "rollout/ep_rew_mean": -0.14727276, "rollout/ep_len_mean": 1.59, "time/fps": 0, "time/time_elapsed": 1047, "time/total_timesteps": 800, "rollout/success_rate": 0.98}
{"train/learning_rate": 0.001, "train/entropy_loss": -1.8340242147445678, "train/policy_gradient_loss": -0.02588649075385181, "train/value_loss": 0.317347925901413, "train/approx_kl": 0.016570059582591057, "train/clip_fraction": 0.06599999852478504, "train/loss": 0.049976084381341934, "train/explained_variance": 0.11983484029769897, "train/n_updates": 80, "train/clip_range": 0.2, "env/n_steps": 900, "env/completion_counter": 0, "env/current_idx": 568, "time/iterations": 9, "rollout/ep_rew_mean": -0.12096654000000001, "rollout/ep_len_mean": 1.48, "time/fps": 0, "time/time_elapsed": 1173, "time/total_timesteps": 900, "rollout/success_rate": 0.98}
