{"env/n_steps": 60, "env/completion_counter": 0, "env/current_idx": 46, "time/iterations": 1, "rollout/ep_rew_mean": -0.009823777777777778, "rollout/ep_len_mean": 1.2666666666666666, "time/fps": 0, "time/time_elapsed": 78, "time/total_timesteps": 60, "rollout/success_rate": 0.9777777777777777}
{"train/learning_rate": 0.001, "train/entropy_loss": -1.9385581374168397, "train/policy_gradient_loss": -0.04217091169208289, "train/value_loss": 0.11420915783382952, "train/approx_kl": 0.02320854924619198, "train/clip_fraction": 0.11500000208616257, "train/loss": -0.06721094250679016, "train/explained_variance": -35.13182067871094, "train/n_updates": 10, "train/clip_range": 0.2, "env/n_steps": 120, "env/completion_counter": 0, "env/current_idx": 96, "time/iterations": 2, "rollout/ep_rew_mean": -0.0209304, "rollout/ep_len_mean": 1.263157894736842, "time/fps": 0, "time/time_elapsed": 148, "time/total_timesteps": 120, "rollout/success_rate": 0.9789473684210527}
{"train/learning_rate": 0.001, "train/entropy_loss": -1.9126064658164978, "train/policy_gradient_loss": -0.03459784365259111, "train/value_loss": 0.01771252150647342, "train/approx_kl": 0.00936420913785696, "train/clip_fraction": 0.0600000012665987, "train/loss": -0.06248900294303894, "train/explained_variance": -0.9347612857818604, "train/n_updates": 20, "train/clip_range": 0.2, "env/n_steps": 180, "env/completion_counter": 0, "env/current_idx": 136, "time/iterations": 3, "rollout/ep_rew_mean": -0.07542594999999999, "rollout/ep_len_mean": 1.34, "time/fps": 0, "time/time_elapsed": 215, "time/total_timesteps": 180, "rollout/success_rate": 0.94}
{"train/learning_rate": 0.001, "train/entropy_loss": -1.9227572917938232, "train/policy_gradient_loss": -0.03046559132790847, "train/value_loss": 0.15881435722112655, "train/approx_kl": 0.013397753238677979, "train/clip_fraction": 0.09500000104308129, "train/loss": -0.04282081872224808, "train/explained_variance": 0.010299384593963623, "train/n_updates": 30, "train/clip_range": 0.2, "env/n_steps": 240, "env/completion_counter": 0, "env/current_idx": 179, "time/iterations": 4, "rollout/ep_rew_mean": -0.11039673, "rollout/ep_len_mean": 1.41, "time/fps": 0, "time/time_elapsed": 290, "time/total_timesteps": 240, "rollout/success_rate": 0.91}
{"train/learning_rate": 0.001, "train/entropy_loss": -1.886080276966095, "train/policy_gradient_loss": -0.0425466554922362, "train/value_loss": 0.14322595447301864, "train/approx_kl": 0.014831188134849072, "train/clip_fraction": 0.15166666842997073, "train/loss": -0.06445559859275818, "train/explained_variance": -0.1771937608718872, "train/n_updates": 40, "train/clip_range": 0.2, "env/n_steps": 300, "env/completion_counter": 0, "env/current_idx": 221, "time/iterations": 5, "rollout/ep_rew_mean": -0.10080841, "rollout/ep_len_mean": 1.43, "time/fps": 0, "time/time_elapsed": 363, "time/total_timesteps": 300, "rollout/success_rate": 0.92}
{"train/learning_rate": 0.001, "train/entropy_loss": -1.923388624191284, "train/policy_gradient_loss": -0.042746662059798976, "train/value_loss": 0.06686800979077816, "train/approx_kl": 0.010638457722961903, "train/clip_fraction": 0.14666666872799397, "train/loss": -0.083662249147892, "train/explained_variance": 0.02939695119857788, "train/n_updates": 50, "train/clip_range": 0.2, "env/n_steps": 360, "env/completion_counter": 0, "env/current_idx": 255, "time/iterations": 6, "rollout/ep_rew_mean": -0.10938435, "rollout/ep_len_mean": 1.56, "time/fps": 0, "time/time_elapsed": 435, "time/total_timesteps": 360, "rollout/success_rate": 0.89}
{"train/learning_rate": 0.001, "train/entropy_loss": -1.8462691187858582, "train/policy_gradient_loss": -0.04439450042322277, "train/value_loss": 0.12253900542855263, "train/approx_kl": 0.022297056391835213, "train/clip_fraction": 0.31333334315568206, "train/loss": -0.0552448034286499, "train/explained_variance": -0.10446298122406006, "train/n_updates": 60, "train/clip_range": 0.2, "env/n_steps": 420, "env/completion_counter": 0, "env/current_idx": 295, "time/iterations": 7, "rollout/ep_rew_mean": -0.10130001, "rollout/ep_len_mean": 1.55, "time/fps": 0, "time/time_elapsed": 502, "time/total_timesteps": 420, "rollout/success_rate": 0.89}
{"train/learning_rate": 0.001, "train/entropy_loss": -1.8370517373085022, "train/policy_gradient_loss": -0.048066813480108904, "train/value_loss": 0.14820638112723827, "train/approx_kl": 0.0354740135371685, "train/clip_fraction": 0.17666666433215142, "train/loss": -0.06698843836784363, "train/explained_variance": -0.3774285316467285, "train/n_updates": 70, "train/clip_range": 0.2, "env/n_steps": 480, "env/completion_counter": 0, "env/current_idx": 330, "time/iterations": 8, "rollout/ep_rew_mean": -0.13219398000000002, "rollout/ep_len_mean": 1.65, "time/fps": 0, "time/time_elapsed": 572, "time/total_timesteps": 480, "rollout/success_rate": 0.85}
{"train/learning_rate": 0.001, "train/entropy_loss": -1.738441240787506, "train/policy_gradient_loss": -0.026472263579877708, "train/value_loss": 0.1476748801767826, "train/approx_kl": 0.018175922334194183, "train/clip_fraction": 0.20166666973382236, "train/loss": -0.03252892196178436, "train/explained_variance": -0.31432878971099854, "train/n_updates": 80, "train/clip_range": 0.2, "env/n_steps": 540, "env/completion_counter": 0, "env/current_idx": 366, "time/iterations": 9, "rollout/ep_rew_mean": -0.12330480999999999, "rollout/ep_len_mean": 1.67, "time/fps": 0, "time/time_elapsed": 652, "time/total_timesteps": 540, "rollout/success_rate": 0.84}
{"train/learning_rate": 0.001, "train/entropy_loss": -1.8097583651542664, "train/policy_gradient_loss": -0.03808190485462539, "train/value_loss": 0.13320789933204652, "train/approx_kl": 0.014184773899614811, "train/clip_fraction": 0.1650000024586916, "train/loss": -0.053039271384477615, "train/explained_variance": -0.3675248622894287, "train/n_updates": 90, "train/clip_range": 0.2, "env/n_steps": 600, "env/completion_counter": 0, "env/current_idx": 415, "time/iterations": 10, "rollout/ep_rew_mean": -0.07502302, "rollout/ep_len_mean": 1.44, "time/fps": 0, "time/time_elapsed": 720, "time/total_timesteps": 600, "rollout/success_rate": 0.91}
{"train/learning_rate": 0.001, "train/entropy_loss": -1.7419991135597228, "train/policy_gradient_loss": -0.04878710015987373, "train/value_loss": 0.06892323363572359, "train/approx_kl": 0.01985672488808632, "train/clip_fraction": 0.12166666872799396, "train/loss": -0.07826609164476395, "train/explained_variance": -0.4308542013168335, "train/n_updates": 100, "train/clip_range": 0.2, "env/n_steps": 660, "env/completion_counter": 0, "env/current_idx": 451, "time/iterations": 11, "rollout/ep_rew_mean": -0.09661146000000001, "rollout/ep_len_mean": 1.49, "time/fps": 0, "time/time_elapsed": 788, "time/total_timesteps": 660, "rollout/success_rate": 0.9}
{"train/learning_rate": 0.001, "train/entropy_loss": -1.802439033985138, "train/policy_gradient_loss": -0.04017480795349311, "train/value_loss": 0.18765646815299988, "train/approx_kl": 0.025656115263700485, "train/clip_fraction": 0.1016666678711772, "train/loss": -0.030017942190170288, "train/explained_variance": 0.06156516075134277, "train/n_updates": 110, "train/clip_range": 0.2, "env/n_steps": 720, "env/completion_counter": 0, "env/current_idx": 484, "time/iterations": 12, "rollout/ep_rew_mean": -0.13961104, "rollout/ep_len_mean": 1.61, "time/fps": 0, "time/time_elapsed": 868, "time/total_timesteps": 720, "rollout/success_rate": 0.86}
{"train/learning_rate": 0.001, "train/entropy_loss": -1.687477433681488, "train/policy_gradient_loss": -0.05761619513854388, "train/value_loss": 0.2041618563234806, "train/approx_kl": 0.027534659951925278, "train/clip_fraction": 0.17999999616295098, "train/loss": -0.045272137969732285, "train/explained_variance": -0.22460901737213135, "train/n_updates": 120, "train/clip_range": 0.2, "env/n_steps": 780, "env/completion_counter": 0, "env/current_idx": 535, "time/iterations": 13, "rollout/ep_rew_mean": -0.09452421000000001, "rollout/ep_len_mean": 1.43,