{"env/n_steps": 30, "env/completion_counter": 0, "env/current_idx": 21, "time/iterations": 1, "rollout/ep_rew_mean": -0.11128400000000002, "rollout/ep_len_mean": 1.5, "time/fps": 0, "time/time_elapsed": 43, "time/total_timesteps": 30, "rollout/success_rate": 0.8}
{"train/learning_rate": 0.001, "train/entropy_loss": -1.9330785632133485, "train/policy_gradient_loss": -0.06486774030451965, "train/value_loss": 0.061920298542827365, "train/approx_kl": 0.03461743891239166, "train/clip_fraction": 0.2366666838526726, "train/loss": -0.09511908888816833, "train/explained_variance": -1.2579984664916992, "train/n_updates": 10, "train/clip_range": 0.2, "env/n_steps": 60, "env/completion_counter": 0, "env/current_idx": 42, "time/iterations": 2, "rollout/ep_rew_mean": -0.09450341463414635, "rollout/ep_len_mean": 1.4634146341463414, "time/fps": 0, "time/time_elapsed": 82, "time/total_timesteps": 60, "rollout/success_rate": 0.8292682926829268}
{"train/learning_rate": 0.001, "train/entropy_loss": -1.9204139590263367, "train/policy_gradient_loss": -0.051870420761406424, "train/value_loss": 0.018639551056548954, "train/approx_kl": 0.025280214846134186, "train/clip_fraction": 0.16000001057982444, "train/loss": -0.088541679084301, "train/explained_variance": -0.3898230791091919, "train/n_updates": 20, "train/clip_range": 0.2, "env/n_steps": 90, "env/completion_counter": 0, "env/current_idx": 63, "time/iterations": 3, "rollout/ep_rew_mean": -0.09797564516129034, "rollout/ep_len_mean": 1.4516129032258065, "time/fps": 0, "time/time_elapsed": 125, "time/total_timesteps": 90, "rollout/success_rate": 0.8225806451612904}
{"train/learning_rate": 0.001, "train/entropy_loss": -1.8794704675674438, "train/policy_gradient_loss": -0.05243196462591486, "train/value_loss": 0.03951033791527152, "train/approx_kl": 0.04071415588259697, "train/clip_fraction": 0.35000001937150954, "train/loss": -0.06895208358764648, "train/explained_variance": -0.7359774112701416, "train/n_updates": 30, "train/clip_range": 0.2, "env/n_steps": 120, "env/completion_counter": 0, "env/current_idx": 93, "time/iterations": 4, "rollout/ep_rew_mean": -0.07516307608695653, "rollout/ep_len_mean": 1.3043478260869565, "time/fps": 0, "time/time_elapsed": 170, "time/total_timesteps": 120, "rollout/success_rate": 0.8804347826086957}
{"train/learning_rate": 0.001, "train/entropy_loss": -1.7975234270095826, "train/policy_gradient_loss": -0.03976692578755277, "train/value_loss": 0.010521874902769924, "train/approx_kl": 0.02242423966526985, "train/clip_fraction": 0.1466666769236326, "train/loss": -0.0764366015791893, "train/explained_variance": -19.243064880371094, "train/n_updates": 40, "train/clip_range": 0.2, "env/n_steps": 150, "env/completion_counter": 0, "env/current_idx": 107, "time/iterations": 5, "rollout/ep_rew_mean": -0.07580532999999999, "rollout/ep_len_mean": 1.29, "time/fps": 0, "time/time_elapsed": 207, "time/total_timesteps": 150, "rollout/success_rate": 0.86}
{"train/learning_rate": 0.001, "train/entropy_loss": -1.6807809114456176, "train/policy_gradient_loss": -0.025347613415215166, "train/value_loss": 0.096338452398777, "train/approx_kl": 0.03064987063407898, "train/clip_fraction": 0.173333340883255, "train/loss": -0.02698892541229725, "train/explained_variance": -0.25831854343414307, "train/n_updates": 50, "train/clip_range": 0.2, "env/n_steps": 180, "env/completion_counter": 0, "env/current_idx": 135, "time/iterations": 6, "rollout/ep_rew_mean": -0.07989723000000001, "rollout/ep_len_mean": 1.27, "time/fps": 0, "time/time_elapsed": 246, "time/total_timesteps": 180, "rollout/success_rate": 0.9}
{"train/learning_rate": 0.001, "train/entropy_loss": -1.566540789604187, "train/policy_gradient_loss": -0.03367148638392496, "train/value_loss": 0.024672282766550778, "train/approx_kl": 0.033715687692165375, "train/clip_fraction": 0.2100000072270632, "train/loss": -0.04896319657564163, "train/explained_variance": -0.07148849964141846, "train/n_updates": 60, "train/clip_range": 0.2, "env/n_steps": 210, "env/completion_counter": 0, "env/current_idx": 157, "time/iterations": 7, "rollout/ep_rew_mean": -0.07400192, "rollout/ep_len_mean": 1.26, "time/fps": 0, "time/time_elapsed": 284, "time/total_timesteps": 210, "rollout/success_rate": 0.91}
{"train/learning_rate": 0.001, "train/entropy_loss": -1.5338783502578734, "train/policy_gradient_loss": -0.043662677264461935, "train/value_loss": 0.030296621099114417, "train/approx_kl": 0.019522633403539658, "train/clip_fraction": 0.13000000603497028, "train/loss": -0.07818613201379776, "train/explained_variance": -1.578188419342041, "train/n_updates": 70, "train/clip_range": 0.2, "env/n_steps": 240, "env/completion_counter": 0, "env/current_idx": 181, "time/iterations": 8, "rollout/ep_rew_mean": -0.08354077, "rollout/ep_len_mean": 1.32, "time/fps": 0, "time/time_elapsed": 322, "time/total_timesteps": 240, "rollout/success_rate": 0.89}
{"train/learning_rate": 0.001, "train/entropy_loss": -1.366015076637268, "train/policy_gradient_loss": -0.04396836352845028, "train/value_loss": 0.03090059794485569, "train/approx_kl": 0.052023593336343765, "train/clip_fraction": 0.4266666918992996, "train/loss": -0.056534264236688614, "train/explained_variance": -1.0419366359710693, "train/n_updates": 80, "train/clip_range": 0.2, "env/n_steps": 270, "env/completion_counter": 0, "env/current_idx": 207, "time/iterations": 9, "rollout/ep_rew_mean": -0.0747726, "rollout/ep_len_mean": 1.28, "time/fps": 0, "time/time_elapsed": 361, "time/total_timesteps": 270, "rollout/success_rate": 0.91}
{"train/learning_rate": 0.001, "train/entropy_loss": -1.4062726140022277, "train/policy_gradient_loss": -0.038328067862118245, "train/value_loss": 0.009432222926989198, "train/approx_kl": 0.034698981791734695, "train/clip_fraction": 0.3200000196695328, "train/loss": -0.07157831639051437, "train/explained_variance": -0.8377478122711182, "train/n_updates": 90, "train/clip_range": 0.2, "env/n_steps": 300, "env/completion_counter": 0, "env/current_idx": 222, "time/iterations": 10, "rollout/ep_rew_mean": -0.08685184, "rollout/ep_len_mean": 1.33, "time/fps": 0, "time/time_elapsed": 402, "time/total_timesteps": 300, "rollout/success_rate": 0.87}
{"train/learning_rate": 0.001, "train/entropy_loss": -1.4322658061981202, "train/policy_gradient_loss": -0.043790298209836064, "train/value_loss": 0.49008615016937257, "train/approx_kl": 0.03676789626479149, "train/clip_fraction": 0.2766666833311319, "train/loss": 0.06999444216489792, "train/explained_variance": 0.024544179439544678, "train/n_updates": 100, "train/clip_range": 0.2, "env/n_steps": 330, "env/completion_counter": 0, "env/current_idx": 247, "time/iterations": 11, "rollout/ep_rew_mean": -0.0900985, "rollout/ep_len_mean": 1.34, "time/fps": 0, "time/time_elapsed": 439, "time/total_timesteps": 330, "rollout/success_rate": 0.87}
{"train/learning_rate": 0.001, "train/entropy_loss": -1.4069223046302795, "train/policy_gradient_loss": -0.04909021046633484, "train/value_loss": 0.1070358833298087, "train/approx_kl": 0.03897342458367348, "train/clip_fraction": 0.1433333419263363, "train/loss": -0.06679554283618927, "train/explained_variance": -0.685577392578125, "train/n_updates": 110, "train/clip_range": 0.2, "env/n_steps": 360, "env/completion_counter": 0, "env/current_idx": 274, "time/iterations": 12, "rollout/ep_rew_mean": -0.08329148, "rollout/ep_len_mean": 1.29, "time/fps": 0, "time/time_elapsed": 479, "time/total_timesteps": 360, "rollout/success_rate": 0.87}
{"train/learning_rate": 0.001, "train/entropy_loss": -1.1390965461730957, "train/policy_gradient_loss": -0.05079510154202538, "train/value_loss": 0.04201314840465784, "train/approx_kl": 0.04183574393391609, "train/clip_fraction": 0.19666668176651, "train/loss": -0.06442294269800186, "train/explained_variance": -0.5152558088302612, "train/n_updates": 120, "train/clip_range": 0.2, "env/n_steps": 390, "env/completion_counter": 0, "env/current_idx": 292, "time/iterations": 13, "rollout/ep_rew_mean": -0.10410427999999998,