{"env/n_steps": 30, "env/completion_counter": 0, "env/current_idx": 31, "time/iterations": 1, "rollout/ep_rew_mean": 0.2975812, "rollout/ep_len_mean": 1.0, "time/fps": 0, "time/time_elapsed": 50, "time/total_timesteps": 30, "rollout/success_rate": 1.0}
{"train/learning_rate": 0.001, "train/entropy_loss": -1.9381889820098877, "train/policy_gradient_loss": -0.05762481148665159, "train/value_loss": 0.10462794755585492, "train/approx_kl": 0.02341940812766552, "train/clip_fraction": 0.14666666835546494, "train/loss": -0.09686178714036942, "train/explained_variance": -3.562985420227051, "train/n_updates": 10, "train/clip_range": 0.2, "env/n_steps": 60, "env/completion_counter": 0, "env/current_idx": 61, "time/iterations": 2, "rollout/ep_rew_mean": 0.30899185, "rollout/ep_len_mean": 1.0, "time/fps": 0, "time/time_elapsed": 91, "time/total_timesteps": 60, "rollout/success_rate": 1.0}
{"train/learning_rate": 0.001, "train/entropy_loss": -1.9309019446372986, "train/policy_gradient_loss": -0.07126453704511118, "train/value_loss": 0.01879691400099546, "train/approx_kl": 0.024891525506973267, "train/clip_fraction": 0.19666668325662612, "train/loss": -0.11937491595745087, "train/explained_variance": -1.7453372478485107, "train/n_updates": 20, "train/clip_range": 0.2, "env/n_steps": 90, "env/completion_counter": 0, "env/current_idx": 91, "time/iterations": 3, "rollout/ep_rew_mean": 0.3081541222222222, "rollout/ep_len_mean": 1.0, "time/fps": 0, "time/time_elapsed": 130, "time/total_timesteps": 90, "rollout/success_rate": 1.0}
{"train/learning_rate": 0.001, "train/entropy_loss": -1.9110912442207337, "train/policy_gradient_loss": -0.06272325558277476, "train/value_loss": 0.01769510516896844, "train/approx_kl": 0.022773591801524162, "train/clip_fraction": 0.15333333946764469, "train/loss": -0.12373077124357224, "train/explained_variance": -0.6845388412475586, "train/n_updates": 30, "train/clip_range": 0.2, "env/n_steps": 120, "env/completion_counter": 0, "env/current_idx": 121, "time/iterations": 4, "rollout/ep_rew_mean": 0.30942111999999994, "rollout/ep_len_mean": 1.0, "time/fps": 0, "time/time_elapsed": 168, "time/total_timesteps": 120, "rollout/success_rate": 1.0}
